-- Reutilizando la inserción anterior para TIENDA (50 registros)
INSERT INTO TIENDA (CodTienda, Direccion, Distrito, Telefono, Fax) VALUES
(1, 'Av. Los Olivos 123', 'San Isidro', '440-1001', '440-1002'),
(2, 'Jr. La Alameda 456', 'Miraflores', '242-2002', '242-2003'),
(3, 'Calle Las Palmas 789', 'Surco', '372-3003', '372-3004'),
(4, 'Av. Del Sol 101', 'La Molina', '436-4004', '436-4005'),
(5, 'Jr. Union 202', 'Cercado de Lima', '330-5005', '330-5006'),
(6, 'Av. Primavera 303', 'San Borja', '225-6006', '225-6007'),
(7, 'Calle El Polo 404', 'Santiago de Surco', '344-7007', '344-7008'),
(8, 'Av. Peru 505', 'Los Olivos', '533-8008', '533-8009'),
(9, 'Jr. Tarapaca 606', 'Pueblo Libre', '461-9009', '461-9010'),
(10, 'Calle Jose Pardo 707', 'Lince', '265-1111', '265-1112'),
(11, 'Av. Arequipa 808', 'San Isidro', '440-1113', '440-1114'),
(12, 'Jr. Cusco 909', 'Miraflores', '242-2115', '242-2116'),
(13, 'Calle Tumbes 1010', 'Surco', '372-3117', '372-3118'),
(14, 'Av. Puno 1111', 'La Molina', '436-4119', '436-4120'),
(15, 'Jr. Loreto 1212', 'Cercado de Lima', '330-5121', '330-5122'),
(16, 'Av. Tacna 1313', 'San Borja', '225-6123', '225-6124'),
(17, 'Calle Junin 1414', 'Santiago de Surco', '344-7125', '344-7126'),
(18, 'Av. Huancayo 1515', 'Los Olivos', '533-8127', '533-8128'),
(19, 'Jr. Ancash 1616', 'Pueblo Libre', '461-9129', '461-9130'),
(20, 'Calle Moquegua 1717', 'Lince', '265-1131', '265-1132'),
(21, 'Av. Piura 1818', 'San Isidro', '440-1133', '440-1134'),
(22, 'Jr. Amazonas 1919', 'Miraflores', '242-2135', '242-2136'),
(23, 'Calle San Martin 2020', 'Surco', '372-3137', '372-3138'),
(24, 'Av. La Mar 2121', 'La Molina', '436-4139', '436-4140'),
(25, 'Jr. Abancay 2222', 'Cercado de Lima', '330-5141', '330-5142'),
(26, 'Av. Salaverry 2323', 'San Borja', '225-6143', '225-6144'),
(27, 'Calle Bolognesi 2424', 'Santiago de Surco', '344-7145', '344-7146'),
(28, 'Av. Ricardo Palma 2525', 'Los Olivos', '533-8147', '533-8148'),
(29, 'Jr. Garcilaso 2626', 'Pueblo Libre', '461-9149', '461-9150'),
(30, 'Calle Alcanfores 2727', 'Lince', '265-1151', '265-1152'),
(31, 'Av. El Sol 300', 'Chorrillos', '251-3000', '251-3001'),
(32, 'Jr. Camaná 400', 'Barranco', '247-4000', '247-4001'),
(33, 'Calle 28 de Julio 500', 'Magdalena', '460-5000', '460-5001'),
(34, 'Av. Universitaria 600', 'San Miguel', '578-6000', '578-6001'),
(35, 'Jr. Huascar 700', 'Jesus Maria', '433-7000', '433-7001'),
(36, 'Av. Dos de Mayo 800', 'San Isidro', '440-8000', '440-8001'),
(37, 'Calle Tarata 900', 'Miraflores', '242-9000', '242-9001'),
(38, 'Av. San Luis 1000', 'San Borja', '225-1000', '225-1001'),
(39, 'Jr. Washington 1100', 'Cercado de Lima', '330-1100', '330-1101'),
(40, 'Calle Las Begonias 1200', 'San Isidro', '440-1200', '440-1201'),
(41, 'Av. Benavides 1300', 'Surco', '372-1300', '372-1301'),
(42, 'Jr. Pizarro 1400', 'Pueblo Libre', '461-1400', '461-1401'),
(43, 'Calle La Paz 1500', 'Miraflores', '242-1500', '242-1501'),
(44, 'Av. Javier Prado 1600', 'San Isidro', '440-1600', '440-1601'),
(45, 'Jr. Arica 1700', 'Cercado de Lima', '330-1700', '330-1701'),
(46, 'Calle Misti 1800', 'La Molina', '436-1800', '436-1801'),
(47, 'Av. Los Proceres 1900', 'Surco', '372-1900', '372-1901'),
(48, 'Jr. Libertadores 2000', 'San Borja', '225-2000', '225-2001'),
(49, 'Calle Tacna 2100', 'Lince', '265-2100', '265-2101'),
(50, 'Av. Las Flores 2200', 'Los Olivos', '533-2200', '533-2201');
GO


-- Reutilizando la inserción anterior para PROVEEDOR (50 registros)
INSERT INTO PROVEEDOR (NomProveedor, Representante, Direccion, Ciudad, Departamento, CodigoPostal, Telefono, Fax) VALUES
('Tech Global S.A.', 'Juan Perez', 'Av. Central 500', 'Lima', 'Lima', '15001', '987654321', '1234567'),
('Home Comfort EIRL', 'Maria Gomez', 'Jr. Los Sauces 102', 'Arequipa', 'Arequipa', '04001', '987123456', '7654321'),
('Fashion Group SAC', 'Carlos Ruiz', 'Calle Manco Inca 305', 'Trujillo', 'La Libertad', '13001', '999888777', '1112223'),
('Sport World Corp', 'Ana Torres', 'Av. El Ejercito 808', 'Cusco', 'Cusco', '08001', '965432101', '4445556'),
('Green Life S.A.', 'Luis Castro', 'Carretera Sur Km 10', 'Ica', 'Ica', '11001', '912345678', '7778889'),
('Electro Max SRL', 'Sofia Vargas', 'Calle La Mar 250', 'Lima', 'Lima', '15001', '955444333', '1213141'),
('Muebles Modernos', 'Pedro Leon', 'Av. Industrial 1200', 'Chiclayo', 'Lambayeque', '14001', '933222111', '1516171'),
('Textil Andino', 'Elena Roca', 'Jr. Puno 100', 'Huancayo', 'Junin', '12001', '921212121', '1819202'),
('Gadget Zone', 'Miguel Polo', 'Av. Petit Thouars 1500', 'Lima', 'Lima', '15001', '940404040', '2122232'),
('Jardines del Eden', 'Laura Soto', 'Calle Los Jazmines 50', 'Piura', 'Piura', '20001', '970707070', '2425262'),
('Prov 11 Mineria Andina', 'Gerardo Silva', 'Av. Salaverry 123', 'Puno', 'Puno', '21001', '911111111', '3000000'),
('Prov 12 Quimicos SA', 'Natalia Rios', 'Jr. Ancash 456', 'Tacna', 'Tacna', '23001', '922222222', '3100000'),
('Prov 13 Artesanias del Norte', 'Roberto Paz', 'Calle Tumbes 789', 'Tumbes', 'Tumbes', '24001', '933333333', '3200000'),
('Prov 14 Alimentos Peruanos', 'Andrea Rey', 'Av. Arequipa 101', 'Iquitos', 'Loreto', '16001', '944444444', '3300000'),
('Prov 15 Metalmecanica', 'Fernando Luna', 'Jr. Loreto 202', 'Huaraz', 'Ancash', '02001', '955555555', '3400000'),
('Prov 16 Computo Total', 'Valeria Diaz', 'Av. Tacna 303', 'Cajamarca', 'Cajamarca', '06001', '966666666', '3500000'),
('Prov 17 Farmacia Central', 'Hugo Mendoza', 'Calle Junin 404', 'Ayacucho', 'Ayacucho', '05001', '977777777', '3600000'),
('Prov 18 Pesca Fina', 'Patricia Soto', 'Av. Huancayo 505', 'Callao', 'Callao', '07001', '988888888', '3700000'),
('Prov 19 Servicios Generales', 'Jorge Vega', 'Jr. Ancash 606', 'Madre de Dios', 'Madre de Dios', '17001', '999999999', '3800000'),
('Prov 20 Bebidas Andinas', 'Diana Ramos', 'Calle Moquegua 707', 'Moquegua', 'Moquegua', '18001', '900000000', '3900000'),
('Prov 21 Electronica Avanzada', 'Elisa Ponce', 'Av. Piura 808', 'Lima', 'Lima', '15001', '910101010', '4000000'),
('Prov 22 Textiles del Sur', 'Ramon Quispe', 'Jr. Amazonas 909', 'Arequipa', 'Arequipa', '04001', '912121212', '4100000'),
('Prov 23 Agroindustrial', 'Carla Saenz', 'Calle San Martin 1010', 'Trujillo', 'La Libertad', '13001', '913131313', '4200000'),
('Prov 24 Construccion Robusta', 'Ricardo Luyo', 'Av. La Mar 1111', 'Cusco', 'Cusco', '08001', '914141414', '4300000'),
('Prov 25 Plasticos del Perú', 'Monica Ferro', 'Jr. Abancay 1212', 'Ica', 'Ica', '11001', '915151515', '4400000'),
('Prov 26 Maderas Finas', 'Nestor Hoyos', 'Av. Salaverry 1313', 'Chiclayo', 'Lambayeque', '14001', '916161616', '4500000'),
('Prov 27 Calzados Confort', 'Silvia Nuñez', 'Calle Bolognesi 1414', 'Huancayo', 'Junin', '12001', '917171717', '4600000'),
('Prov 28 Accesorios Moda', 'Daniel Soto', 'Av. Ricardo Palma 1515', 'Piura', 'Piura', '20001', '918181818', '4700000'),
('Prov 29 Herramientas de Precision', 'Javier Peña', 'Jr. Garcilaso 1616', 'Puno', 'Puno', '21001', '919191919', '4800000'),
('Prov 30 Productos Organicos', 'Marcela Gamarra', 'Calle Alcanfores 1717', 'Tacna', 'Tacna', '23001', '920202020', '4900000'),
('Prov 31 Jugueteria Fantasia', 'Omar Flores', 'Av. El Sol 1818', 'Tumbes', 'Tumbes', '24001', '921212122', '5000000'),
('Prov 32 Envases y Embalajes', 'Rosa Huamani', 'Jr. Camaná 1919', 'Iquitos', 'Loreto', '16001', '922222223', '5100000'),
('Prov 33 Articulos Limpieza', 'Andres Lira', 'Calle 28 de Julio 2020', 'Huaraz', 'Ancash', '02001', '923232324', '5200000'),
('Prov 34 Oficina Moderna', 'Lizbeth Vega', 'Av. Universitaria 2121', 'Cajamarca', 'Cajamarca', '06001', '924242425', '5300000'),
('Prov 35 Repuestos Auto', 'Manuel Lope', 'Jr. Huascar 2222', 'Ayacucho', 'Ayacucho', '05001', '925252526', '5400000'),
('Prov 36 Libreria El Saber', 'Sofia Torres', 'Av. Dos de Mayo 2323', 'Callao', 'Callao', '07001', '926262627', '5500000'),
('Prov 37 Equipo Camping', 'Ricardo Polo', 'Calle Tarata 2424', 'Madre de Dios', 'Madre de Dios', '17001', '927272728', '5600000'),
('Prov 38 Arte y Diseño', 'Lucia Mejia', 'Av. San Luis 2525', 'Moquegua', 'Moquegua', '18001', '928282829', '5700000'),
('Prov 39 Delicatessen', 'Carlos Pinto', 'Jr. Washington 2626', 'Lima', 'Lima', '15001', '929292930', '5800000'),
('Prov 40 Instrumentos Andinos', 'Elias Condori', 'Calle Las Begonias 2727', 'Arequipa', 'Arequipa', '04001', '930303031', '5900000'),
('Prov 41 Servicios de Oficina', 'Jose Luis', 'Av. Benavides 2828', 'Trujillo', 'La Libertad', '13001', '931313132', '6000000'),
('Prov 42 Herrajes y Mas', 'Marco Antonio', 'Jr. Pizarro 2929', 'Cusco', 'Cusco', '08001', '932323233', '6100000'),
('Prov 43 Jardineria Profesional', 'Andrea Flores', 'Calle La Paz 3030', 'Ica', 'Ica', '11001', '933333334', '6200000'),
('Prov 44 Equipo de Seguridad', 'Pedro Suarez', 'Av. Javier Prado 3131', 'Chiclayo', 'Lambayeque', '14001', '934343435', '6300000'),
('Prov 45 Indumentaria Deportiva', 'Carla Diaz', 'Jr. Arica 3232', 'Huancayo', 'Junin', '12001', '935353536', '6400000'),
('Prov 46 Limpieza Industrial', 'Maria Elena', 'Calle Misti 3333', 'Piura', 'Piura', '20001', '936363637', '6500000'),
('Prov 47 Maquinaria Pesada', 'Juan Carlos', 'Av. Los Proceres 3434', 'Puno', 'Puno', '21001', '937373738', '6600000'),
('Prov 48 Insumos Medicos', 'Ana Cecilia', 'Jr. Libertadores 3535', 'Tacna', 'Tacna', '23001', '938383839', '6700000'),
('Prov 49 Tecnologia Educativa', 'Luis Miguel', 'Calle Tacna 3636', 'Tumbes', 'Tumbes', '24001', '939393940', '6800000'),
('Prov 50 Bebidas Gaseosas', 'Rosa Maria', 'Av. Las Flores 3737', 'Iquitos', 'Loreto', '16001', '940404041', '6900000');
GO


INSERT INTO ORDEN_COMPRA (NumOrden, FechaOrden, FechaIngreso) VALUES
(3001, '2025-09-01 10:00:00', '2025-09-15 14:30:00'), (3002, '2025-09-02 15:30:00', '2025-09-20 09:00:00'),
(3003, '2025-09-03 09:00:00', '2025-09-21 11:00:00'), (3004, '2025-09-04 11:00:00', '2025-09-22 16:00:00'),
(3005, '2025-09-05 14:00:00', '2025-09-23 10:00:00'), (3006, '2025-09-06 16:00:00', NULL), 
(3007, '2025-09-07 08:30:00', '2025-09-25 13:00:00'), (3008, '2025-09-08 12:00:00', NULL), 
(3009, '2025-09-09 17:00:00', '2025-09-27 15:30:00'), (3010, '2025-09-10 10:30:00', '2025-09-28 11:00:00'),
(3011, '2025-09-11 10:00:00', '2025-09-29 12:00:00'), (3012, '2025-09-12 15:00:00', '2025-09-30 13:00:00'),
(3013, '2025-09-13 09:30:00', '2025-10-01 14:00:00'), (3014, '2025-09-14 11:30:00', '2025-10-02 15:00:00'),
(3015, '2025-09-15 14:30:00', '2025-10-03 16:00:00'), (3016, '2025-09-16 16:30:00', NULL),
(3017, '2025-09-17 08:00:00', '2025-10-05 09:00:00'), (3018, '2025-09-18 12:30:00', NULL),
(3019, '2025-09-19 17:30:00', '2025-10-07 10:30:00'), (3020, '2025-09-20 10:30:00', '2025-10-08 11:30:00'),
(3021, '2025-09-21 11:00:00', '2025-10-09 12:30:00'), (3022, '2025-09-22 15:00:00', '2025-10-10 13:30:00'),
(3023, '2025-09-23 09:00:00', '2025-10-11 14:30:00'), (3024, '2025-09-24 13:00:00', '2025-10-12 15:30:00'),
(3025, '2025-09-25 16:00:00', '2025-10-13 16:30:00'), (3026, '2025-09-26 10:00:00', NULL),
(3027, '2025-09-27 08:30:00', '2025-10-15 09:30:00'), (3028, '2025-09-28 12:00:00', NULL),
(3029, '2025-09-29 17:00:00', '2025-10-17 10:00:00'), (3030, '2025-09-30 10:30:00', '2025-10-18 11:00:00'),
(3031, '2025-10-01 11:00:00', '2025-10-19 12:00:00'), (3032, '2025-10-02 15:00:00', '2025-10-20 13:00:00'),
(3033, '2025-10-03 09:00:00', '2025-10-21 14:00:00'), (3034, '2025-10-04 13:00:00', '2025-10-22 15:00:00'),
(3035, '2025-10-05 16:00:00', '2025-10-23 16:00:00'), (3036, '2025-10-06 10:00:00', NULL),
(3037, '2025-10-07 08:30:00', '2025-10-25 09:00:00'), (3038, '2025-10-08 12:00:00', NULL),
(3039, '2025-10-09 17:00:00', '2025-10-27 10:30:00'), (3040, '2025-10-10 10:30:00', '2025-10-28 11:30:00'),
(3041, '2025-10-11 11:00:00', '2025-10-29 12:30:00'), (3042, '2025-10-12 15:00:00', '2025-10-30 13:30:00'),
(3043, '2025-10-13 09:00:00', '2025-10-31 14:30:00'), (3044, '2025-10-14 13:00:00', '2025-11-01 15:30:00'),
(3045, '2025-10-15 16:00:00', '2025-11-02 16:30:00'), (3046, '2025-10-16 10:00:00', NULL),
(3047, '2025-10-17 08:30:00', '2025-11-04 09:30:00'), (3048, '2025-10-18 12:00:00', NULL),
(3049, '2025-10-19 17:00:00', '2025-11-06 10:00:00'), (3050, '2025-10-20 10:30:00', '2025-11-07 11:00:00');
GO

-- Reutilizando la inserción anterior para TRANSPORTISTA (50 registros)
INSERT INTO TRANSPORTISTA (CodTransportista, NomTransportista, Direccion, Telefono) VALUES
(101, 'Rapid Envios S.A.', 'Av. Aviacion 500', '900111222'), (102, 'Servicios Logisticos EIRL', 'Jr. Huaraz 100', '900333444'),
(103, 'Courier Express Peruanos', 'Calle Los Ficus 200', '900555666'), (104, 'Trans Global SAC', 'Av. Argentina 800', '900777888'),
(105, 'Entrega Segura SRL', 'Mz. K Lt. 5', '900999000'), (106, 'Transportes del Sur', 'Av. La Paz 101', '901111222'),
(107, 'Carga Rapida Norte', 'Jr. Arequipa 202', '901333444'), (108, 'Logistica Integral', 'Calle Lima 303', '901555666'),
(109, 'Fletes Peru', 'Av. Cuzco 404', '901777888'), (110, 'Transporte Andino', 'Jr. Puno 505', '901999000'),
(111, 'Rapido y Seguro', 'Av. Tacna 606', '902111222'), (112, 'Entrega Puntual', 'Calle Junin 707', '902333444'),
(113, 'Movil Carga', 'Jr. Piura 808', '902555666'), (114, 'Servicios de Carga', 'Av. Ica 909', '902777888'),
(115, 'Transporte Nacional', 'Calle Huaraz 1010', '902999000'), (116, 'Cargo Express', 'Av. Amazonas 1111', '903111222'),
(117, 'Entrega al Dia', 'Jr. Moquegua 1212', '903333444'), (118, 'Global Shipping', 'Calle Tumbes 1313', '903555666'),
(119, 'Mundo Cargo', 'Av. San Martin 1414', '903777888'), (120, 'Flete Total', 'Jr. Abancay 1515', '903999000'),
(121, 'Veloz Entrega', 'Av. Salaverry 1616', '904111222'), (122, 'Carga Segura', 'Calle Bolognesi 1717', '904333444'),
(123, 'Rutas del Peru', 'Jr. Arica 1818', '904555666'), (124, 'Delivery Pro', 'Av. Ricardo Palma 1919', '904777888'),
(125, 'Transito Libre', 'Calle Garcilaso 2020', '904999000'), (126, 'Transporte Moderno', 'Av. Alcanfores 2121', '905111222'),
(127, 'Enlace Logistico', 'Jr. Puno 2222', '905333444'), (128, 'Cargo Fijo', 'Calle Tacna 2323', '905555666'),
(129, 'Rapidez Total', 'Av. Piura 2424', '905777888'), (130, 'Movilidad Segura', 'Jr. Junin 2525', '905999000'),
(131, 'Expreso Central', 'Av. Los Ficus 300', '906111222'), (132, 'Servicios Terrestres', 'Jr. La Alameda 400', '906333444'),
(133, 'Transporte Peruano', 'Calle El Polo 500', '906555666'), (134, 'Global Courier', 'Av. Primavera 600', '906777888'),
(135, 'Logistica 360', 'Jr. Tarapaca 700', '906999000'), (136, 'Entrega Eficiente', 'Av. Jose Pardo 800', '907111222'),
(137, 'Cargo Nacional', 'Calle Arequipa 900', '907333444'), (138, 'Flete Sureño', 'Jr. Cusco 1000', '907555666'),
(139, 'Trans Norte', 'Av. Tumbes 1100', '907777888'), (140, 'Paqueteria Lima', 'Calle Puno 1200', '907999000'),
(141, 'Express Plus', 'Av. Loreto 1300', '908111222'), (142, 'Ruta Segura', 'Jr. Tacna 1400', '908333444'),
(143, 'Carga Ligera', 'Calle Junin 1500', '908555666'), (144, 'Transportes 24h', 'Av. Huancayo 1600', '908777888'),
(145, 'Servicio Al Cliente', 'Jr. Ancash 1700', '908999000'), (146, 'Movilidad Total', 'Calle Moquegua 1800', '909111222'),
(147, 'Fast Delivery', 'Av. Piura 1900', '909333444'), (148, 'Ruta Express', 'Jr. Amazonas 2000', '909555666'),
(149, 'Carga Pesada', 'Calle San Martin 2100', '909777888'), (150, 'Entrega Final', 'Av. La Mar 2200', '909999000');
GO

INSERT INTO GUIA_ENVIO (NumGuia, CodTienda, FechaSalida, CodTransportista) VALUES
(6001, 1, '2025-10-01 10:00:00', 101), (6002, 2, '2025-10-02 11:30:00', 102),
(6003, 3, '2025-10-03 14:00:00', 103), (6004, 4, '2025-10-04 16:00:00', 104),
(6005, 5, '2025-10-05 09:00:00', 105), (6006, 6, '2025-10-06 11:00:00', 106),
(6007, 7, '2025-10-07 13:00:00', 107), (6008, 8, '2025-10-08 15:30:00', 108),
(6009, 9, '2025-10-09 10:00:00', 109), (6010, 10, '2025-10-10 12:00:00', 110),
(6011, 11, '2025-10-11 14:00:00', 111), (6012, 12, '2025-10-12 16:00:00', 112),
(6013, 13, '2025-10-13 09:00:00', 113), (6014, 14, '2025-10-14 11:00:00', 114),
(6015, 15, '2025-10-15 13:00:00', 115), (6016, 16, '2025-10-16 15:30:00', 116),
(6017, 17, '2025-10-17 10:00:00', 117), (6018, 18, '2025-10-18 12:00:00', 118),
(6019, 19, '2025-10-19 14:00:00', 119), (6020, 20, '2025-10-20 16:00:00', 120),
(6021, 21, '2025-10-21 09:00:00', 121), (6022, 22, '2025-10-22 11:00:00', 122),
(6023, 23, '2025-10-23 13:00:00', 123), (6024, 24, '2025-10-24 15:30:00', 124),
(6025, 25, '2025-10-25 10:00:00', 125), (6026, 26, '2025-10-26 12:00:00', 126),
(6027, 27, '2025-10-27 14:00:00', 127), (6028, 28, '2025-10-28 16:00:00', 128),
(6029, 29, '2025-10-29 09:00:00', 129), (6030, 30, '2025-10-30 11:00:00', 130),
(6031, 31, '2025-10-31 13:00:00', 131), (6032, 32, '2025-11-01 15:30:00', 132),
(6033, 33, '2025-11-02 10:00:00', 133), (6034, 34, '2025-11-03 12:00:00', 134),
(6035, 35, '2025-11-04 14:00:00', 135), (6036, 36, '2025-11-05 16:00:00', 136),
(6037, 37, '2025-11-06 09:00:00', 137), (6038, 38, '2025-11-07 11:00:00', 138),
(6039, 39, '2025-11-08 13:00:00', 139), (6040, 40, '2025-11-09 15:30:00', 140),
(6041, 41, '2025-11-10 10:00:00', 141), (6042, 42, '2025-11-11 12:00:00', 142),
(6043, 43, '2025-11-12 14:00:00', 143), (6044, 44, '2025-11-13 16:00:00', 144),
(6045, 45, '2025-11-14 09:00:00', 145), (6046, 46, '2025-11-15 11:00:00', 146),
(6047, 47, '2025-11-16 13:00:00', 147), (6048, 48, '2025-11-17 15:30:00', 148),
(6049, 49, '2025-11-18 10:00:00', 149), (6050, 50, '2025-11-19 12:00:00', 150);
GO
